transaction_id,issuing_bank,sequence_no,transaction_ref_no,issue_date,maturity_date,currency,amount_in_local_currency,applicant_name,applicant_address,applicant_country,beneficiary_name,beneficiary_address,beneficiary_country,loading_port,discharging_port,country_of_origin,country_of_final_destination,goods,goods_classification,goods_eligible,es_classification,capital_goods,ee_replacement_of_an_old_equipment,sustainable_goods
10002,Bank Al Habib,1,1401EDPEIB240188,12-Nov-24,12-Nov-24,USD,"5,000,000.00",QINGDAO BEIXIANG INTERNATIONAL TRADING CO. LTD,"ROOM 801, CHUANGZHI BUILDING A, CHUNYANG ROAD, CHENGYANG DISTRICT, QINGDAO, SHANGDONG PROVINCE, CHINA",CHINA,PAK ARAB REFINERY LIMITED,"CORPORATE HEADQUARTERS, KORANGI CREEK ROAD, KARACHI, PAKISTAN",PAKISTAN,"KARACHI, PAKISTAN","SHANGHAI, CHINA",PAKISTAN,CHINA,MIXTURES OF NATURAL RUBBER SVR3L AND SBR1502,"Food, agricultural and related goods",Yes,C,No,No,No
10002,Bank Al Habib,2,1401EDPEIB240207,13-Nov-24,13-Nov-24,USD,"5,300,000.00",QINGDAO BEIXIANG INTERNATIONAL TRADING CO. LTD,"ROOM 801, CHUANGZHI BUILDING A, CHUNYANG ROAD, CHENGYANG DISTRICT, QINGDAO, SHANGDONG PROVINCE, CHINA",CHINA,PAK ARAB REFINERY LIMITED,"CORPORATE HEADQUARTERS, KORANGI CREEK ROAD, KARACHI, PAKISTAN",PAKISTAN,"KARACHI, PAKISTAN",TIANJIN XINGANG CHINA,PAKISTAN,CHINA,MIXTURES OF NATURAL RUBBER SVR3L AND SBR1502,"Food, agricultural and related goods",Yes,C,No,No,No
10002,Bank Al Habib,3,1401EDPEIB240192,13-Nov-24,13-Nov-24,USD,"5,500,000.00","NINGBO SENLANG INTERNATIONAL TRADE CO., LTD","ROOM 1925, NO.12, BUILDING 1, MEISHAN SALT FIELD, BEILUN DISTRICT, NINGBO CITY, ZHEJIANG PROVINCE, CHINA",CHINA,PAK ARAB REFINERY LIMITED,"CORPORATE HEADQUARTERS, KORANGI CREEK ROAD, KARACHI, PAKISTAN",PAKISTAN,"KARACHI, PAKISTAN",NINGBO CHINA,PAKISTAN,CHINA,MIXTURES OF NATURAL RUBBER SVR3L AND SBR1502,"Food, agricultural and related goods",Yes,C,No,No,No
10002,Bank Al Habib,4,1401EDPEIB240217,19-Nov-24,19-Nov-24,USD,"8,400,000.00",QINGDAO RUNSHENGRONGINTERNATIONAL TRADING CO. LTD,"9TH FLOOR, ZHONGXIN BUILDING, NO.247 LIAONING ROAD, SHIBEI DISTRICT, SHANGDONG, CHINA",CHINA,PAK ARAB REFINERY LIMITED,"CORPORATE HEADQUARTERS, KORANGI CREEK ROAD, KARACHI, PAKISTAN",PAKISTAN,"KARACHI, PAKISTAN","QINGDAO, CHINA",PAKISTAN,CHINA,MIXTURES OF NATURAL RUBBER SVR3L AND SBR1502,"Food, agricultural and related goods",Yes,C,No,No,No
10002,Bank Al Habib,5,1401EDPEIB240203,21-Nov-24,21-Nov-24,USD,"2,400,000.00","NINGBO SENLANG INTERNATIONAL TRADE CO., LTD","ROOM 1925, NO.12, BUILDING 1, MEISHAN SALT FIELD, BEILUN DISTRICT, NINGBO CITY, ZHEJIANG PROVINCE, CHINA",CHINA,PAK ARAB REFINERY LIMITED,"CORPORATE HEADQUARTERS, KORANGI CREEK ROAD, KARACHI, PAKISTAN",PAKISTAN,"KARACHI, PAKISTAN",NINGBO CHINA,PAKISTAN,CHINA,MIXTURES OF NATURAL RUBBER SVR3L AND SBR1502,"Food, agricultural and related goods",Yes,C,No,No,No
10002,Bank Al Habib,6,1401EDPEIB240204,22-Nov-24,22-Nov-24,USD,"1,400,000.00",QINGDAO RUNSHENGRONGINTERNATIONAL TRADING CO. LTD,"9TH FLOOR, ZHONGXIN BUILDING, NO.247 LIAONING ROAD, SHIBEI DISTRICT, SHANGDONG, CHINA",CHINA,PAK ARAB REFINERY LIMITED,"CORPORATE HEADQUARTERS, KORANGI CREEK ROAD, KARACHI, PAKISTAN",PAKISTAN,"KARACHI, PAKISTAN","QINGDAO, CHINA",PAKISTAN,CHINA,AIR CONDITIONER,Consumer Goods,Yes,C,No,No,No
10002,Bank Al Habib,7,1401EDPEIB240200,27-Nov-24,27-Nov-24,USD,"5,200,000.00","QINGDAO SIPING RUBBER CO., LTD","ROOM 1901, INTERNATIONAL TRADE CENTER B, NO.226, CHANGJIANG MIDDLE ROAD, DEVELOPMENT ZONE, QINGDAO, CHINA",CHINA,PAK ARAB REFINERY LIMITED,"CORPORATE HEADQUARTERS, KORANGI CREEK ROAD, KARACHI, PAKISTAN",PAKISTAN,"KARACHI, PAKISTAN","QINGDAO, CHINA",PAKISTAN,CHINA,MIXTURES OF NATURAL RUBBER SVR3L AND SBR1502,"Food, agricultural and related goods",Yes,C,No,No,No
10002,Bank Al Habib,8,1401EDPEIB240205,27-Nov-24,27-Nov-24,USD,"2,500,000.00","QINGDAO SIPING RUBBER CO., LTD","ROOM 1901, INTERNATIONAL TRADE CENTER B, NO.226, CHANGJIANG MIDDLE ROAD, DEVELOPMENT ZONE, QINGDAO, CHINA",CHINA,PAK ARAB REFINERY LIMITED,"CORPORATE HEADQUARTERS, KORANGI CREEK ROAD, KARACHI, PAKISTAN",PAKISTAN,"KARACHI, PAKISTAN","QINGDAO, CHINA",PAKISTAN,CHINA,MIXTURES OF NATURAL RUBBER SVR10 AND SBR1502,"Food, agricultural and related goods",Yes,C,No,No,No
10002,Bank Al Habib,9,1401EDPEIB240223,27-Nov-24,27-Nov-24,USD,"5,300,000.00","WENZHOU KAIXI TRADING CO., LTD","KX, ZHANGTAI COMMUNITY, DAXUE TOWN, WENCHENG COUNTY, WENZHOU, ZHEJANG PROVICE, CHINA",CHINA,PAK ARAB REFINERY LIMITED,"CORPORATE HEADQUARTERS, KORANGI CREEK ROAD, KARACHI, PAKISTAN",PAKISTAN,"KARACHI, PAKISTAN",NINGBO CHINA,PAKISTAN,CHINA,TIRES,Automotive  and Auto Parts,Yes,C,No,No,No
10002,Bank Al Habib,10,1401EDPEIB240219,27-Nov-24,27-Nov-24,USD,"4,000,000.00","NINGBO SENLANG INTERNATIONAL TRADE CO., LTD","ROOM 1925, NO.12, BUILDING 1, MEISHAN SALT FIELD, BEILUN DISTRICT, NINGBO CITY, ZHEJIANG PROVINCE, CHINA",CHINA,PAK ARAB REFINERY LIMITED,"CORPORATE HEADQUARTERS, KORANGI CREEK ROAD, KARACHI, PAKISTAN",PAKISTAN,"KARACHI, PAKISTAN","QINGDAO, CHINA",PAKISTAN,CHINA,ASBESTOS,Construction and Building Materials,NO,C,No,No,No
